<?xml version="1.0" encoding="utf-8"?>
<svg xmlns="http://www.w3.org/2000/svg" xmlns:xlink="http://www.w3.org/1999/xlink"  version="1.1" width="600" height="400" viewBox="0 0 600 400">
  <title>Des citrons en SVG</title>
  <desc>Premier exemple de description SVG</desc>
 <image xlink:href="FR_309_08_09.png" x="0" y="0" height="258" width="399"></image>
  <ellipse cx="200" cy="200" rx="100" ry="65" style="fill:#F2C756;stroke:#9F9903"/>
  <text x="250" y="150"  style="font-family:Arial;font-size:48;fill:#F2C756;stroke:#9F9903">Des citrons</text>
</svg>