<?xml version="1.0" encoding="utf-8" ?>
<dwsync>
<file name="_DSC0124.jpg" server="ftp.birnou.net:2122/httpdocs/v2b/" local="128795068740000000" remote="129853640400000000" Dst="2" />
<file name="_DSC0125.jpg" server="ftp.birnou.net:2122/httpdocs/v2b/" local="128795068740000000" remote="129853640400000000" Dst="2" />
<file name="_DSC0126.jpg" server="ftp.birnou.net:2122/httpdocs/v2b/" local="128795068740000000" remote="129853640400000000" Dst="2" />
<file name="_DSC0128.jpg" server="ftp.birnou.net:2122/httpdocs/v2b/" local="128795068760000000" remote="129853640400000000" Dst="2" />
<file name="_DSC0129.jpg" server="ftp.birnou.net:2122/httpdocs/v2b/" local="128795068760000000" remote="129853640400000000" Dst="2" />
<file name="_DSC0130.jpg" server="ftp.birnou.net:2122/httpdocs/v2b/" local="128795068780000000" remote="129853640400000000" Dst="2" />
<file name="_DSC0131.jpg" server="ftp.birnou.net:2122/httpdocs/v2b/" local="128795068780000000" remote="129853640400000000" Dst="2" />
<file name="_DSC0132.jpg" server="ftp.birnou.net:2122/httpdocs/v2b/" local="128795068800000000" remote="129853640400000000" Dst="2" />
<file name="_DSC0133.jpg" server="ftp.birnou.net:2122/httpdocs/v2b/" local="128795068800000000" remote="129853640400000000" Dst="2" />
<file name="_DSC0134.jpg" server="ftp.birnou.net:2122/httpdocs/v2b/" local="128795068820000000" remote="129853640400000000" Dst="2" />
<file name="_DSC0135.jpg" server="ftp.birnou.net:2122/httpdocs/v2b/" local="128795068820000000" remote="129853640400000000" Dst="2" />
<file name="_DSC0137.jpg" server="ftp.birnou.net:2122/httpdocs/v2b/" local="128795068840000000" remote="129853640400000000" Dst="2" />
<file name="_DSC0138.jpg" server="ftp.birnou.net:2122/httpdocs/v2b/" local="128795068840000000" remote="129853640400000000" Dst="2" />
<file name="_DSC0140.jpg" server="ftp.birnou.net:2122/httpdocs/v2b/" local="128795068860000000" remote="129853640400000000" Dst="2" />
<file name="_DSC0142.jpg" server="ftp.birnou.net:2122/httpdocs/v2b/" local="128795068860000000" remote="129853640400000000" Dst="2" />
<file name="_DSC0145.jpg" server="ftp.birnou.net:2122/httpdocs/v2b/" local="128795068880000000" remote="129853640400000000" Dst="2" />
<file name="_DSC0146.jpg" server="ftp.birnou.net:2122/httpdocs/v2b/" local="128795068880000000" remote="129853640400000000" Dst="2" />
<file name="_DSC0147.jpg" server="ftp.birnou.net:2122/httpdocs/v2b/" local="128795068900000000" remote="129853640400000000" Dst="2" />
<file name="_DSC0148.jpg" server="ftp.birnou.net:2122/httpdocs/v2b/" local="128795068900000000" remote="129853640400000000" Dst="2" />
<file name="_DSC0149.jpg" server="ftp.birnou.net:2122/httpdocs/v2b/" local="128795068920000000" remote="129853640400000000" Dst="2" />
<file name="_DSC0151.jpg" server="ftp.birnou.net:2122/httpdocs/v2b/" local="128795068920000000" remote="129853640400000000" Dst="2" />
<file name="_DSC0152.jpg" server="ftp.birnou.net:2122/httpdocs/v2b/" local="128795068940000000" remote="129853640400000000" Dst="2" />
<file name="_DSC0153.jpg" server="ftp.birnou.net:2122/httpdocs/v2b/" local="128795068940000000" remote="129853640400000000" Dst="2" />
<file name="_DSC0159.jpg" server="ftp.birnou.net:2122/httpdocs/v2b/" local="128795068960000000" remote="129853640400000000" Dst="2" />
<file name="_DSC0161.jpg" server="ftp.birnou.net:2122/httpdocs/v2b/" local="128795068960000000" remote="129853640400000000" Dst="2" />
<file name="_DSC0163.jpg" server="ftp.birnou.net:2122/httpdocs/v2b/" local="128795068980000000" remote="129853640400000000" Dst="2" />
<file name="_DSC0164.jpg" server="ftp.birnou.net:2122/httpdocs/v2b/" local="128795068980000000" remote="129853640400000000" Dst="2" />
<file name="_DSC0165.jpg" server="ftp.birnou.net:2122/httpdocs/v2b/" local="128795069000000000" remote="129853640400000000" Dst="2" />
<file name="_DSC0168.jpg" server="ftp.birnou.net:2122/httpdocs/v2b/" local="128795069000000000" remote="129853640400000000" Dst="2" />
<file name="_DSC0173.jpg" server="ftp.birnou.net:2122/httpdocs/v2b/" local="128795069020000000" remote="129853640400000000" Dst="2" />
<file name="_DSC0174.jpg" server="ftp.birnou.net:2122/httpdocs/v2b/" local="128795069020000000" remote="129853640400000000" Dst="2" />
<file name="_DSC0175.jpg" server="ftp.birnou.net:2122/httpdocs/v2b/" local="128795069040000000" remote="129853640400000000" Dst="2" />
<file name="_DSC0176.jpg" server="ftp.birnou.net:2122/httpdocs/v2b/" local="128795069040000000" remote="129853640400000000" Dst="2" />
<file name="_DSC0177.jpg" server="ftp.birnou.net:2122/httpdocs/v2b/" local="128795069060000000" remote="129853640400000000" Dst="2" />
<file name="_DSC0178.jpg" server="ftp.birnou.net:2122/httpdocs/v2b/" local="128795069060000000" remote="129853640400000000" Dst="2" />
<file name="_DSC0179.jpg" server="ftp.birnou.net:2122/httpdocs/v2b/" local="128795069080000000" remote="129853640400000000" Dst="2" />
<file name="_DSC0180.jpg" server="ftp.birnou.net:2122/httpdocs/v2b/" local="128795069080000000" remote="129853640400000000" Dst="2" />
<file name="_DSC0181.jpg" server="ftp.birnou.net:2122/httpdocs/v2b/" local="128795069100000000" remote="129853640400000000" Dst="2" />
<file name="_DSC0183.jpg" server="ftp.birnou.net:2122/httpdocs/v2b/" local="128795069100000000" remote="129853640400000000" Dst="2" />
<file name="_DSC0184.jpg" server="ftp.birnou.net:2122/httpdocs/v2b/" local="128795069120000000" remote="129853640400000000" Dst="2" />
<file name="_DSC0186.jpg" server="ftp.birnou.net:2122/httpdocs/v2b/" local="128795069120000000" remote="129853640400000000" Dst="2" />
<file name="_DSC0187.jpg" server="ftp.birnou.net:2122/httpdocs/v2b/" local="128795069140000000" remote="129853640400000000" Dst="2" />
<file name="_DSC0188.jpg" server="ftp.birnou.net:2122/httpdocs/v2b/" local="128795069140000000" remote="129853640400000000" Dst="2" />
<file name="_DSC0189.jpg" server="ftp.birnou.net:2122/httpdocs/v2b/" local="128795069160000000" remote="129853640400000000" Dst="2" />
<file name="_DSC0190.jpg" server="ftp.birnou.net:2122/httpdocs/v2b/" local="128795069160000000" remote="129853640400000000" Dst="2" />
<file name="_DSC0191.jpg" server="ftp.birnou.net:2122/httpdocs/v2b/" local="128795069160000000" remote="129853640400000000" Dst="2" />
<file name="_DSC0192.jpg" server="ftp.birnou.net:2122/httpdocs/v2b/" local="128795069180000000" remote="129853640400000000" Dst="2" />
<file name="_DSC0193.jpg" server="ftp.birnou.net:2122/httpdocs/v2b/" local="128795069180000000" remote="129853640400000000" Dst="2" />
<file name="_DSC0195.jpg" server="ftp.birnou.net:2122/httpdocs/v2b/" local="128795069200000000" remote="129853640400000000" Dst="2" />
<file name="_DSC0197.jpg" server="ftp.birnou.net:2122/httpdocs/v2b/" local="128795069200000000" remote="129853640400000000" Dst="2" />
<file name="_DSC0199.jpg" server="ftp.birnou.net:2122/httpdocs/v2b/" local="128795069220000000" remote="129853640400000000" Dst="2" />
<file name="_DSC0200.jpg" server="ftp.birnou.net:2122/httpdocs/v2b/" local="128795069220000000" remote="129853640400000000" Dst="2" />
<file name="_DSC0201.jpg" server="ftp.birnou.net:2122/httpdocs/v2b/" local="128795069240000000" remote="129853640400000000" Dst="2" />
<file name="_DSC0203.jpg" server="ftp.birnou.net:2122/httpdocs/v2b/" local="128795069240000000" remote="129853640400000000" Dst="2" />
<file name="_DSC0206.jpg" server="ftp.birnou.net:2122/httpdocs/v2b/" local="128795069260000000" remote="129853640400000000" Dst="2" />
<file name="_DSC0208.jpg" server="ftp.birnou.net:2122/httpdocs/v2b/" local="128795069260000000" remote="129853640400000000" Dst="2" />
<file name="_DSC0210.jpg" server="ftp.birnou.net:2122/httpdocs/v2b/" local="128795069280000000" remote="129853640400000000" Dst="2" />
<file name="_DSC0211.jpg" server="ftp.birnou.net:2122/httpdocs/v2b/" local="128795069280000000" remote="129853640400000000" Dst="2" />
<file name="_DSC0212.jpg" server="ftp.birnou.net:2122/httpdocs/v2b/" local="128795069300000000" remote="129853640400000000" Dst="2" />
<file name="_DSC0213.jpg" server="ftp.birnou.net:2122/httpdocs/v2b/" local="128795069300000000" remote="129853640400000000" Dst="2" />
<file name="_DSC0214.jpg" server="ftp.birnou.net:2122/httpdocs/v2b/" local="128795069320000000" remote="129853640400000000" Dst="2" />
<file name="_DSC0215.jpg" server="ftp.birnou.net:2122/httpdocs/v2b/" local="128795069320000000" remote="129853640400000000" Dst="2" />
<file name="_DSC0216.jpg" server="ftp.birnou.net:2122/httpdocs/v2b/" local="128795069340000000" remote="129853640400000000" Dst="2" />
<file name="_DSC0217.jpg" server="ftp.birnou.net:2122/httpdocs/v2b/" local="128795069340000000" remote="129853640400000000" Dst="2" />
<file name="_DSC0218.jpg" server="ftp.birnou.net:2122/httpdocs/v2b/" local="128795069360000000" remote="129853640400000000" Dst="2" />
<file name="_DSC0219.jpg" server="ftp.birnou.net:2122/httpdocs/v2b/" local="128795069360000000" remote="129853640400000000" Dst="2" />
<file name="_DSC0220.jpg" server="ftp.birnou.net:2122/httpdocs/v2b/" local="128795069380000000" remote="129853640400000000" Dst="2" />
<file name="_DSC0221.jpg" server="ftp.birnou.net:2122/httpdocs/v2b/" local="128795069380000000" remote="129853640400000000" Dst="2" />
<file name="_DSC0222.jpg" server="ftp.birnou.net:2122/httpdocs/v2b/" local="128795069400000000" remote="129853640400000000" Dst="2" />
<file name="_DSC0223.jpg" server="ftp.birnou.net:2122/httpdocs/v2b/" local="128795069400000000" remote="129853640400000000" Dst="2" />
<file name="_DSC0224.jpg" server="ftp.birnou.net:2122/httpdocs/v2b/" local="128795069400000000" remote="129853640400000000" Dst="2" />
<file name="_DSC0225.jpg" server="ftp.birnou.net:2122/httpdocs/v2b/" local="128795069420000000" remote="129853640400000000" Dst="2" />
<file name="_DSC0226.jpg" server="ftp.birnou.net:2122/httpdocs/v2b/" local="128795069420000000" remote="129853640400000000" Dst="2" />
<file name="_DSC0227.jpg" server="ftp.birnou.net:2122/httpdocs/v2b/" local="128795069440000000" remote="129853640400000000" Dst="2" />
<file name="_DSC0228.jpg" server="ftp.birnou.net:2122/httpdocs/v2b/" local="128795069440000000" remote="129853640400000000" Dst="2" />
<file name="_DSC0229.jpg" server="ftp.birnou.net:2122/httpdocs/v2b/" local="128795069460000000" remote="129853640400000000" Dst="2" />
<file name="_DSC0230.jpg" server="ftp.birnou.net:2122/httpdocs/v2b/" local="128795069460000000" remote="129853640400000000" Dst="2" />
<file name="_DSC0231.jpg" server="ftp.birnou.net:2122/httpdocs/v2b/" local="128795069480000000" remote="129853640400000000" Dst="2" />
<file name="_DSC0232.jpg" server="ftp.birnou.net:2122/httpdocs/v2b/" local="128795069480000000" remote="129853640400000000" Dst="2" />
<file name="_DSC0233.jpg" server="ftp.birnou.net:2122/httpdocs/v2b/" local="128795069500000000" remote="129853640400000000" Dst="2" />
<file name="_DSC0234.jpg" server="ftp.birnou.net:2122/httpdocs/v2b/" local="128795069500000000" remote="129853640400000000" Dst="2" />
<file name="_DSC0236.jpg" server="ftp.birnou.net:2122/httpdocs/v2b/" local="128795069520000000" remote="129853640400000000" Dst="2" />
<file name="_DSC0237.jpg" server="ftp.birnou.net:2122/httpdocs/v2b/" local="128795069520000000" remote="129853640400000000" Dst="2" />
<file name="_DSC0238.jpg" server="ftp.birnou.net:2122/httpdocs/v2b/" local="128795069540000000" remote="129853640400000000" Dst="2" />
<file name="_DSC0239.jpg" server="ftp.birnou.net:2122/httpdocs/v2b/" local="128795069540000000" remote="129853640400000000" Dst="2" />
</dwsync>