<?xml version="1.0" encoding="utf-8" ?>
<dwsync>
<file name="_DSC0001.jpg" server="ftp.birnou.net:2122/httpdocs/v2b/" local="128795068080000000" remote="129853639200000000" Dst="2" />
<file name="_DSC0008.jpg" server="ftp.birnou.net:2122/httpdocs/v2b/" local="128795068080000000" remote="129853639200000000" Dst="2" />
<file name="_DSC0010.jpg" server="ftp.birnou.net:2122/httpdocs/v2b/" local="128795068100000000" remote="129853639200000000" Dst="2" />
<file name="_DSC0016.jpg" server="ftp.birnou.net:2122/httpdocs/v2b/" local="128795068100000000" remote="129853639200000000" Dst="2" />
<file name="_DSC0017.jpg" server="ftp.birnou.net:2122/httpdocs/v2b/" local="128795068120000000" remote="129853639200000000" Dst="2" />
<file name="_DSC0018.jpg" server="ftp.birnou.net:2122/httpdocs/v2b/" local="128795068120000000" remote="129853639200000000" Dst="2" />
<file name="_DSC0019.jpg" server="ftp.birnou.net:2122/httpdocs/v2b/" local="128795068140000000" remote="129853639200000000" Dst="2" />
<file name="_DSC0022.jpg" server="ftp.birnou.net:2122/httpdocs/v2b/" local="128795068140000000" remote="129853639200000000" Dst="2" />
<file name="_DSC0024.jpg" server="ftp.birnou.net:2122/httpdocs/v2b/" local="128795068160000000" remote="129853639200000000" Dst="2" />
<file name="_DSC0026.jpg" server="ftp.birnou.net:2122/httpdocs/v2b/" local="128795068160000000" remote="129853639200000000" Dst="2" />
<file name="_DSC0027.jpg" server="ftp.birnou.net:2122/httpdocs/v2b/" local="128795068180000000" remote="129853639200000000" Dst="2" />
<file name="_DSC0041.jpg" server="ftp.birnou.net:2122/httpdocs/v2b/" local="128795068200000000" remote="129853639200000000" Dst="2" />
<file name="_DSC0042.jpg" server="ftp.birnou.net:2122/httpdocs/v2b/" local="128795068200000000" remote="129853639200000000" Dst="2" />
<file name="_DSC0043.jpg" server="ftp.birnou.net:2122/httpdocs/v2b/" local="128795068220000000" remote="129853639200000000" Dst="2" />
<file name="_DSC0046.jpg" server="ftp.birnou.net:2122/httpdocs/v2b/" local="128795068220000000" remote="129853639200000000" Dst="2" />
<file name="_DSC0047.jpg" server="ftp.birnou.net:2122/httpdocs/v2b/" local="128795068240000000" remote="129853639200000000" Dst="2" />
<file name="_DSC0049.jpg" server="ftp.birnou.net:2122/httpdocs/v2b/" local="128795068240000000" remote="129853639200000000" Dst="2" />
<file name="_DSC0051.jpg" server="ftp.birnou.net:2122/httpdocs/v2b/" local="128795068260000000" remote="129853639200000000" Dst="2" />
<file name="_DSC0058.jpg" server="ftp.birnou.net:2122/httpdocs/v2b/" local="128795068260000000" remote="129853639200000000" Dst="2" />
<file name="_DSC0059.jpg" server="ftp.birnou.net:2122/httpdocs/v2b/" local="128795068280000000" remote="129853639200000000" Dst="2" />
<file name="_DSC0061.jpg" server="ftp.birnou.net:2122/httpdocs/v2b/" local="128795068280000000" remote="129853639200000000" Dst="2" />
<file name="_DSC0063.jpg" server="ftp.birnou.net:2122/httpdocs/v2b/" local="128795068300000000" remote="129853639200000000" Dst="2" />
<file name="_DSC0064.jpg" server="ftp.birnou.net:2122/httpdocs/v2b/" local="128795068300000000" remote="129853639200000000" Dst="2" />
<file name="_DSC0066.jpg" server="ftp.birnou.net:2122/httpdocs/v2b/" local="128795068320000000" remote="129853639200000000" Dst="2" />
<file name="_DSC0070.jpg" server="ftp.birnou.net:2122/httpdocs/v2b/" local="128795068320000000" remote="129853639200000000" Dst="2" />
<file name="_DSC0071.jpg" server="ftp.birnou.net:2122/httpdocs/v2b/" local="128795068340000000" remote="129853639200000000" Dst="2" />
<file name="_DSC0073.jpg" server="ftp.birnou.net:2122/httpdocs/v2b/" local="128795068340000000" remote="129853639200000000" Dst="2" />
<file name="_DSC0074.jpg" server="ftp.birnou.net:2122/httpdocs/v2b/" local="128795068340000000" remote="129853639200000000" Dst="2" />
<file name="_DSC0076.jpg" server="ftp.birnou.net:2122/httpdocs/v2b/" local="128795068360000000" remote="129853639200000000" Dst="2" />
<file name="_DSC0077.jpg" server="ftp.birnou.net:2122/httpdocs/v2b/" local="128795068380000000" remote="129853639200000000" Dst="2" />
<file name="_DSC0082.jpg" server="ftp.birnou.net:2122/httpdocs/v2b/" local="128795068380000000" remote="129853639200000000" Dst="2" />
<file name="_DSC0084.jpg" server="ftp.birnou.net:2122/httpdocs/v2b/" local="128795068380000000" remote="129853639200000000" Dst="2" />
<file name="_DSC0085.jpg" server="ftp.birnou.net:2122/httpdocs/v2b/" local="128795068400000000" remote="129853639200000000" Dst="2" />
<file name="_DSC0086.jpg" server="ftp.birnou.net:2122/httpdocs/v2b/" local="128795068400000000" remote="129853639200000000" Dst="2" />
<file name="_DSC0087.jpg" server="ftp.birnou.net:2122/httpdocs/v2b/" local="128795068420000000" remote="129853639200000000" Dst="2" />
<file name="_DSC0088.jpg" server="ftp.birnou.net:2122/httpdocs/v2b/" local="128795068420000000" remote="129853639200000000" Dst="2" />
<file name="_DSC0089.jpg" server="ftp.birnou.net:2122/httpdocs/v2b/" local="128795068440000000" remote="129853639200000000" Dst="2" />
<file name="_DSC0090.jpg" server="ftp.birnou.net:2122/httpdocs/v2b/" local="128795068440000000" remote="129853639200000000" Dst="2" />
<file name="_DSC0091.jpg" server="ftp.birnou.net:2122/httpdocs/v2b/" local="128795068460000000" remote="129853639200000000" Dst="2" />
<file name="_DSC0092.jpg" server="ftp.birnou.net:2122/httpdocs/v2b/" local="128795068460000000" remote="129853639200000000" Dst="2" />
<file name="_DSC0093.jpg" server="ftp.birnou.net:2122/httpdocs/v2b/" local="128795068480000000" remote="129853639200000000" Dst="2" />
<file name="_DSC0094.jpg" server="ftp.birnou.net:2122/httpdocs/v2b/" local="128795068480000000" remote="129853639200000000" Dst="2" />
<file name="_DSC0095.jpg" server="ftp.birnou.net:2122/httpdocs/v2b/" local="128795068500000000" remote="129853639200000000" Dst="2" />
<file name="_DSC0097.jpg" server="ftp.birnou.net:2122/httpdocs/v2b/" local="128795068520000000" remote="129853639200000000" Dst="2" />
<file name="_DSC0098.jpg" server="ftp.birnou.net:2122/httpdocs/v2b/" local="128795068520000000" remote="129853639200000000" Dst="2" />
<file name="_DSC0099.jpg" server="ftp.birnou.net:2122/httpdocs/v2b/" local="128795068540000000" remote="129853639800000000" Dst="2" />
<file name="_DSC0101.jpg" server="ftp.birnou.net:2122/httpdocs/v2b/" local="128795068540000000" remote="129853639800000000" Dst="2" />
<file name="_DSC0102.jpg" server="ftp.birnou.net:2122/httpdocs/v2b/" local="128795068560000000" remote="129853639800000000" Dst="2" />
<file name="_DSC0103.jpg" server="ftp.birnou.net:2122/httpdocs/v2b/" local="128795068580000000" remote="129853639800000000" Dst="2" />
<file name="_DSC0104.jpg" server="ftp.birnou.net:2122/httpdocs/v2b/" local="128795068580000000" remote="129853639800000000" Dst="2" />
<file name="_DSC0106.jpg" server="ftp.birnou.net:2122/httpdocs/v2b/" local="128795068600000000" remote="129853639800000000" Dst="2" />
<file name="_DSC0107.jpg" server="ftp.birnou.net:2122/httpdocs/v2b/" local="128795068600000000" remote="129853639800000000" Dst="2" />
<file name="_DSC0108.jpg" server="ftp.birnou.net:2122/httpdocs/v2b/" local="128795068620000000" remote="129853639800000000" Dst="2" />
<file name="_DSC0109.jpg" server="ftp.birnou.net:2122/httpdocs/v2b/" local="128795068620000000" remote="129853639800000000" Dst="2" />
<file name="_DSC0110.jpg" server="ftp.birnou.net:2122/httpdocs/v2b/" local="128795068640000000" remote="129853639800000000" Dst="2" />
<file name="_DSC0111.jpg" server="ftp.birnou.net:2122/httpdocs/v2b/" local="128795068640000000" remote="129853639800000000" Dst="2" />
<file name="_DSC0112.jpg" server="ftp.birnou.net:2122/httpdocs/v2b/" local="128795068660000000" remote="129853639800000000" Dst="2" />
<file name="_DSC0114.jpg" server="ftp.birnou.net:2122/httpdocs/v2b/" local="128795068660000000" remote="129853639800000000" Dst="2" />
<file name="_DSC0115.jpg" server="ftp.birnou.net:2122/httpdocs/v2b/" local="128795068680000000" remote="129853639800000000" Dst="2" />
<file name="_DSC0116.jpg" server="ftp.birnou.net:2122/httpdocs/v2b/" local="128795068680000000" remote="129853639800000000" Dst="2" />
<file name="_DSC0117.jpg" server="ftp.birnou.net:2122/httpdocs/v2b/" local="128795068700000000" remote="129853639800000000" Dst="2" />
<file name="_DSC0118.jpg" server="ftp.birnou.net:2122/httpdocs/v2b/" local="128795068700000000" remote="129853639800000000" Dst="2" />
<file name="_DSC0119.jpg" server="ftp.birnou.net:2122/httpdocs/v2b/" local="128795068720000000" remote="129853639800000000" Dst="2" />
<file name="_DSC0120.jpg" server="ftp.birnou.net:2122/httpdocs/v2b/" local="128795068720000000" remote="129853639800000000" Dst="2" />
</dwsync>