<?xml version="1.0" encoding="utf-8" ?>
<dwsync>
<file name="_DSC0002.jpg" server="ftp.birnou.net:2122/httpdocs/v2b/" local="128795067020000000" remote="129853638600000000" Dst="2" />
<file name="_DSC0003.jpg" server="ftp.birnou.net:2122/httpdocs/v2b/" local="128795067020000000" remote="129853638600000000" Dst="2" />
<file name="_DSC0004.jpg" server="ftp.birnou.net:2122/httpdocs/v2b/" local="128795067040000000" remote="129853638600000000" Dst="2" />
<file name="_DSC0005.jpg" server="ftp.birnou.net:2122/httpdocs/v2b/" local="128795067040000000" remote="129853638600000000" Dst="2" />
<file name="_DSC0006.jpg" server="ftp.birnou.net:2122/httpdocs/v2b/" local="128795067060000000" remote="129853638600000000" Dst="2" />
<file name="_DSC0007.jpg" server="ftp.birnou.net:2122/httpdocs/v2b/" local="128795067060000000" remote="129853638600000000" Dst="2" />
<file name="_DSC0010.jpg" server="ftp.birnou.net:2122/httpdocs/v2b/" local="128795067080000000" remote="129853638600000000" Dst="2" />
<file name="_DSC0011.jpg" server="ftp.birnou.net:2122/httpdocs/v2b/" local="128795067080000000" remote="129853639200000000" Dst="2" />
<file name="_DSC0012.jpg" server="ftp.birnou.net:2122/httpdocs/v2b/" local="128795067100000000" remote="129853639200000000" Dst="2" />
<file name="_DSC0013.jpg" server="ftp.birnou.net:2122/httpdocs/v2b/" local="128795067100000000" remote="129853639200000000" Dst="2" />
<file name="_DSC0014.jpg" server="ftp.birnou.net:2122/httpdocs/v2b/" local="128795067100000000" remote="129853639200000000" Dst="2" />
<file name="_DSC0015.jpg" server="ftp.birnou.net:2122/httpdocs/v2b/" local="128795067120000000" remote="129853639200000000" Dst="2" />
<file name="_DSC0059.jpg" server="ftp.birnou.net:2122/httpdocs/v2b/" local="128795067120000000" remote="129853639200000000" Dst="2" />
<file name="_DSC0060.jpg" server="ftp.birnou.net:2122/httpdocs/v2b/" local="128795067140000000" remote="129853639200000000" Dst="2" />
<file name="_DSC0061.jpg" server="ftp.birnou.net:2122/httpdocs/v2b/" local="128795067140000000" remote="129853639200000000" Dst="2" />
<file name="_DSC0062.jpg" server="ftp.birnou.net:2122/httpdocs/v2b/" local="128795067160000000" remote="129853639200000000" Dst="2" />
<file name="_DSC0063.jpg" server="ftp.birnou.net:2122/httpdocs/v2b/" local="128795067160000000" remote="129853639200000000" Dst="2" />
<file name="_DSC0064.jpg" server="ftp.birnou.net:2122/httpdocs/v2b/" local="128795067180000000" remote="129853639200000000" Dst="2" />
<file name="_DSC0065.jpg" server="ftp.birnou.net:2122/httpdocs/v2b/" local="128795067180000000" remote="129853639200000000" Dst="2" />
<file name="_DSC0066.jpg" server="ftp.birnou.net:2122/httpdocs/v2b/" local="128795067200000000" remote="129853639200000000" Dst="2" />
<file name="_DSC0067.jpg" server="ftp.birnou.net:2122/httpdocs/v2b/" local="128795067200000000" remote="129853639200000000" Dst="2" />
<file name="_DSC0068.jpg" server="ftp.birnou.net:2122/httpdocs/v2b/" local="128795067220000000" remote="129853639200000000" Dst="2" />
<file name="_DSC0069.jpg" server="ftp.birnou.net:2122/httpdocs/v2b/" local="128795067220000000" remote="129853639200000000" Dst="2" />
<file name="_DSC0070.jpg" server="ftp.birnou.net:2122/httpdocs/v2b/" local="128795067240000000" remote="129853639200000000" Dst="2" />
<file name="_DSC0071.jpg" server="ftp.birnou.net:2122/httpdocs/v2b/" local="128795067240000000" remote="129853639200000000" Dst="2" />
<file name="_DSC0072.jpg" server="ftp.birnou.net:2122/httpdocs/v2b/" local="128795067240000000" remote="129853639200000000" Dst="2" />
<file name="_DSC0073.jpg" server="ftp.birnou.net:2122/httpdocs/v2b/" local="128795067260000000" remote="129853639200000000" Dst="2" />
<file name="_DSC0076.jpg" server="ftp.birnou.net:2122/httpdocs/v2b/" local="128795067260000000" remote="129853639200000000" Dst="2" />
<file name="_DSC0077.jpg" server="ftp.birnou.net:2122/httpdocs/v2b/" local="128795067280000000" remote="129853639200000000" Dst="2" />
<file name="_DSC0078.jpg" server="ftp.birnou.net:2122/httpdocs/v2b/" local="128795067280000000" remote="129853639200000000" Dst="2" />
<file name="_DSC0079.jpg" server="ftp.birnou.net:2122/httpdocs/v2b/" local="128795067300000000" remote="129853639200000000" Dst="2" />
<file name="_DSC0080.jpg" server="ftp.birnou.net:2122/httpdocs/v2b/" local="128795067300000000" remote="129853639200000000" Dst="2" />
<file name="_DSC0081.jpg" server="ftp.birnou.net:2122/httpdocs/v2b/" local="128795067320000000" remote="129853639200000000" Dst="2" />
<file name="_DSC0082.jpg" server="ftp.birnou.net:2122/httpdocs/v2b/" local="128795067320000000" remote="129853639200000000" Dst="2" />
<file name="_DSC0083.jpg" server="ftp.birnou.net:2122/httpdocs/v2b/" local="128795067320000000" remote="129853639200000000" Dst="2" />
<file name="_DSC0084.jpg" server="ftp.birnou.net:2122/httpdocs/v2b/" local="128795067340000000" remote="129853639200000000" Dst="2" />
</dwsync>